﻿{"cameraMode":{"drawMode":0,"name":"Shaded","section":"Shading Mode"},"sceneLighting":false,"audioPlay":false,"sceneViewState":{"showFog":false,"showMaterialUpdate":false,"showSkybox":false,"showFlares":false,"showImageEffects":false,"showParticleSystems":false},"in2DMode":false,"pivot":{"x":0.0,"y":1.0499999523162842,"z":0.5049999952316284},"rotation":{"x":-0.14897459745407105,"y":0.5841870307922363,"z":-0.11008433252573013,"w":-0.7901984453201294},"size":5.821975231170654,"orthographic":false}