﻿{"cameraMode":{"drawMode":0,"name":"Shaded","section":"Shading Mode"},"sceneLighting":false,"audioPlay":false,"sceneViewState":{"showFog":false,"showMaterialUpdate":false,"showSkybox":false,"showFlares":false,"showImageEffects":false,"showParticleSystems":false},"in2DMode":false,"pivot":{"x":5.900000095367432,"y":11.760000228881836,"z":-1.7899965047836304},"rotation":{"x":-0.0183321014046669,"y":0.9804847240447998,"z":-0.1605549454689026,"w":-0.11196336895227432},"size":62.73289489746094,"orthographic":false}