﻿{"cameraMode":{"drawMode":0,"name":"Shaded","section":"Shading Mode"},"sceneLighting":false,"audioPlay":false,"sceneViewState":{"showFog":false,"showMaterialUpdate":false,"showSkybox":false,"showFlares":false,"showImageEffects":false,"showParticleSystems":false},"in2DMode":false,"pivot":{"x":6.670000076293945,"y":-0.3799999952316284,"z":0.0},"rotation":{"x":-0.0183321014046669,"y":0.9804847240447998,"z":-0.1605549454689026,"w":-0.11196336895227432},"size":9.761531829833985,"orthographic":false}